<h6 align="right">山重水复疑无路，柳暗花明又一村。</h6>

#

# SQL 语法规则

> SQL 语法规则是指服务器 DBMS 需要客户端提供指定的规范的代码

- 语法环境

    SQL 执行必须是在客户端和服务器端建立联系（ 登录验证通过进入 MySQL 环境 ）之后才能执行的

    因此必须在进入 MySQL 的服务端后客户端才能向服务端发送指令

- 代码执行

    SQL 的执行时服务器自行判定执行，判定的标准是检测到语句结束符

- SQL 代码是逐行顺序执行的

- SQL 代码的语句结束符分为

    分号

    \g（ 与分号相同 ）

    \G（ 数据结果以行为单位纵向展示 ）

- SQL 语句不区分大小写

- 注释

    行注释分为 -- 以及 # 

    块注释为 /*  */

# 查看数据库

## 查看所有数据库

查看数据库即系统将已存在的数据库显示出来

在 sql 操作中可分为两种情况，查看所有数据库以及查看匹配数据库

查看所有数据库 ：show databases

~~~sql
mysql> show databases;   -- 查看所有数据库
+--------------------+
| Database           |   -- 名字 ：当前表只有一个字段名
+--------------------+
| information_schema |   -- 第一个数据库
| mysql              |   -- 第二个数据库
| performance_schema |
| sys                |   -- 默认四个数据库
+--------------------+
4 rows in set (0.24 sec) -- 说明 ：四行数据（ 括号内表示用时 ）
~~~

## 查看部分数据库

使用匹配方式匹配相似数据库 ：show databases like '  '

占位符 _ （ 下划线 ）：匹配固定位置的单个字符，_a ，可以是 aa / Aa / sa ，但不能是 aaa

占位符 % （ 百分号 ）：匹配多个字符， %a ，可以是任何以 a 为结尾的字符

为了解决实际需求，_ 和 % 可以同时无限制使用

~~~sql
mysql> show databases like '_a';   -- 下划线匹配

mysql> show databases like '%a';   -- 模糊匹配
~~~

## 查看数据库创建时使用的指令

数据库是可以使用指令创建的

可以使用 show create database 数据库名

~~~sql
mysql> show create database  myql;   -- 查看创建 mysql 时使用的指令
~~~

# 创建数据库

## 创建数据库

创建数据库即通过对应的 sql 指令实现在数据库服务器中增加对应的数据库信息

数据库创建成功后会在 MySQL 指定的存放数据的 data 目录下创建一个对应的文件夹

create database 数据库名

~~~sql
mysql> create database  my_database;   -- 创建 my_database 数据库

Query OK, 1 row affected ( 0.09 sec )  -- Query OK 表示指令正确执行
~~~

## 数据库命名规范

数据库名由字母、数字和下划线组成

数据库不强制要求数字不能开头（ 但是不建议 ）

数据库命名应该见名思意

数据库多单词命名建议使用下划线法

数据库名字如果使用了 sql 内部的关键字应该使用反引号包裹（ 不建议使用冲突关键字作为名字 ）

## 指定数据库字符集

创建数据库时可以使用 charset 关键字指定数据库的字符集

指定字符集的效果是数据库中的默认数据按照当前字符集存储，但是实际数据存储以更小的字符集为准（ 数据表字符集 ）

如果不指定字符集，默认使用 DBMS 对应的字符集

~~~sql
mysql> create database  my_database charset UTF8;   -- 创建数据库时指定 UTF-8 字符集，不允许使用划线
~~~

## 修改数据库字符集

修改数据库字符集的目的是为了让数据库中的其他结构（ 数据表 ）能够使用对应的默认字符集

修改数据库字符集针对的是修改后创建的结构的默认字符集，而不能修改已经存在的数据表对应的字符集

alter database 数据库名 charset 新的字符集

~~~sql
mysql> alter database  my_database charset utf8;   -- 将数据库的字符集修改为 UTF-8 字符集

Query OK, 1 row affected ( 0.09 sec )  -- Query OK 表示指令正确执行
~~~

## 删除数据库

删除数据库即让数据库在 sql 服务器中不存在

数据库删除会直接删除数据库中的所有內容并且不可找回，因此操作前一定要慎重

数据库的删除一次只允许删除一个，不允许同时删除多个数据库

数据库创建删除后会在 MySQL 指定的存放数据的 data 目录下删除掉对应的文件夹

drop database 数据库名

~~~sql
mysql> drop database  my_database;   -- 删除数据库

Query OK, 1 row affected ( 0.09 sec )  -- Query OK 表示指令正确执行
~~~

# 创建数据表

## 创建数据表

创建数据表即在数据库中创建更小的数据存储的结构

数据表是一个二维结构表不只是有关表自身结构，而且还与字段一体

表是一种多行结构，因此不建议直接在命令行中输入指令，建议现在文本中写好指令然后复制到命令行中运行

数据表的操作意味着有数据字段的操作

数据表时依存于数据库存在的，不能直接在 DBMS 下创建

创建数据表时要指定在哪个数据库中创建

创建数据表语法结构

~~~sql
create table 表名 (

    字段名 字段类型 [ 字段属性 ],  -- 每个字段之间使用逗号隔开

    字段名 字段类型 [ 字段属性 ],  -- 字段属性并非强制要求

    字段名 字段类型 [ 字段属性 ]   -- 最后一个字段不需要逗号

)[ 表选项 ];                     -- 表选项可有可无
~~~

- 表名 

    描述表内数据的关键字，由数字、字母以及下划线组成（ 不建议数字开头 ）

    如果使用关键字或保留字作为表名应该使用反引号

    表名在同一数据库下不能重复

- 字段名

    二维表列名字

    描述该列数据的关键字

    同一表下字段名不能重复

- 字段类型

    MySQL 为了方便数据的规范，对每列数据都强制规定数据的类型

- 表选项

    表的额外规范，包括存储引擎（ 默认 InnoDB ）、字符集（ 默认数据库字符集 ）以及校对集（ 默认数据库对应校对集 ）

    表选项中的存储引擎以及字符集可以同时存在且没有前后顺序

## 指定表对应的数据库

指定表对应的数据库有两种方式

第一种 ：直接在数据表名前指定数据库

~~~sql
create table my_database.my_table(  -- 指定数据表 my_table 放在数据库 my_database 下

    name varchar(10),

    age int

);
~~~

第二种 ：首先进入对应的数据库，之后的操作默认在进入的数据库中操作

~~~sql
use my_database;            -- 进入 my_database 数据库

create table my_table(

    name varchar(10),

    age int

);
~~~

创建已经存在的表的同结构表 ：create table 表名 like 数据库名.表名

~~~sql
create table my_table_new like my_database.my_table
~~~

或者可以直接复制 Mylsam 结构表的三个文件到其他数据库 ：Mylsam 表是独立空间，可以移动且有效；而 InnoDB 是非独立空间直接移动是无法生效的

# 查看数据表

## 查看所有数据表

数据表的存在是与字段和结构一体的，因此查看表的情况相对来说种类比较多，可以实查看表名也可以是查看表结构

查看所有数据表 ：show tables（ 进入对应数据库后 ）

~~~sql
mysql> show tables;
+---------------------------------------+
| Tables_in_information_schema          |
+---------------------------------------+
| ADMINISTRABLE_ROLE_AUTHORIZATIONS     |
| APPLICABLE_ROLES                      |
| VIEW_ROUTINE_USAGE                    |
| VIEW_TABLE_USAGE                      |
| VIEWS                                 |
+---------------------------------------+
5 rows in set (0.07 sec)
~~~

## 查看部分数据表

使用匹配方式匹配相似数据库 ：show tables like '  '

占位符 _ （ 下划线 ）：匹配固定位置的单个字符，_a ，可以是 aa / Aa / sa ，但不能是 aaa

占位符 % （ 百分号 ）：匹配多个字符， %a ，可以是任何以 a 为结尾的字符

为了解决实际需求，_ 和 % 可以同时无限制使用

~~~sql
mysql> show tables like '_a';   -- 下划线匹配

mysql> show tables like '%a';   -- 模糊匹配
~~~

## 查看表结构

查看表结构即查看表中所有的字段信息 ：desc（ describe ）表名

~~~sql
desc my_table;
~~~

## 查看数据表创建时使用的指令

数据表创建时可以使用指令创建

可以使用 show create table 表名 来查看创建时使用的语句

~~~sql
show create table  my_table;

-- 查询出的创建指令并不是用户创建时使用的指令，而是被系统加工保存的创建语句

-- 这种结构适合使用 \G 来查看，会比较清晰

show create table  my_table \G;
~~~

# 更新数据表

## 更新表名

更新表名 ：rename table 旧表名 to 新表名;

~~~sql
rename table mytable1 to mytable2;
~~~

注意 ：有时看到某些表名为 XXX.表名 ，XXX 为显式的指定的数据库的名字

## 更新表选项

更新表选项 ：alter table 表名 表选项更改

~~~sql
alter table mytable default charset utf8;
~~~

注意 ：表选项通常在一开始确定后就不再进行修改，尤其是当表内已经产生数据后更不要轻易进行修改（尤其是字符集修改）

## 修改字段或属性

- 增加表字段 ：alter table 表名 add [column] 字段名 字段类型（ 属性 ）

- 修改字段名 ：alter table 表名 change [column] 旧字段名 新字段名 字段类型（ 属性 ），修改时强制要求修改对应的字段属性

    change 也可以用来修改字段属性，但是不建议这样做

- 修改字段类型（ 属性 ） ：alter table 表名 modify [column] 字段名 新字段类型（ 属性 ）

- 删除表字段 ：alter table 表名 drop [column] 字段名;

    drop 操作会将该字段中的数据一并删除，所以请确保安全（ 操作前进行备份 ）

- 修改字段位置 ：字段默认的操作（ 新增 ）都是在所有字段最后，我们可以通过位置命令来实现将字段放在任意位置，（ change 和 modify 指令也可以修改位置 ）

    first ：字段放在第一个位置

    after 字段名 ：放在指定字段后

~~~sql
-- 增加表字段

alter table my_table add number varchar(10);

-- 修改字段名

alter table my_table change number school_number varchar(10);

-- 修改字段类型

alter table my_table modify school_number int;

-- 删除表字段

alter table my_table drop school_number;

-- 在第一个的位置新增一个字段

alter table my_table add phone_number varchar(10) first;

-- 将字段放在指定字段 age 后

alter table my_table modify phone_number varchar(10) after age;     -- 只修改位置使用 modify
~~~

- 注意 ：

    MySQL 为表结构提供了一套容错机制，允许表创建后对字段进行增删改操作，这些操作主要是考虑到业务变化

    可以通过 rename 实现表名修改

    可以通过 alter table 表名 add / change / modify / drop 实现表中字段的增删改，从而全面的维护表结构

    虽然 MySQL 有这样的容错机制，但是开发人员还是应该尽量在表的创建期间考虑到更多的因素以防止后期对表结构的修改

# 删除数据表

## 删除数据表

删除数据表 ：drop table 表名;

删除表结构，即将创建表以及表中的数据进行一次性删除

删除表操作会删除表中的所有数据，因此删除前一定要做好删除的准备工作（ 删除确认以及数据备份 ）

~~~sql
-- 删除数据表

drop table my_table;
~~~

## 删除多张表

同时删除多张数据表 ：drop table 表名1, 表名2;

~~~sql
-- 同时删除多张数据表

drop table my_table1, my_table2;
~~~

## 判断删除操作

在项目前期或备份还原数据时，有可能会特意去删除已经存在的同名数据表，这时可以在操作前加一个判断以保证删除表结构的指令不会报错

drop table if exists 表名

~~~sql
-- 有则删除，没有就跳过

drop table if exists my_table;
~~~

- 注意

    drop table if exists 表名 如果发现没有可以删除的表不会报错，但是会给一个警告

    如果想查看警告的内容可以使用 ：show warnings; 来查看警告信息

~~~sql
-- 查看警告信息

show warnings;
~~~

# 新增数据

数据表时数据操作的基本单位，但是实际上数据本身的存储都是以字段为最小存储单位的

往表中存放数据，就是将数据存放在表中的每个字段对应的列中

在 MySQL 中，数据是以插入的方式实现数据新增的

新增数据就是往数据表中对应的空行中填充对应字段所需要的数据

## 新增一条数据

对表中对应的一条空白记录处新增所有的字段数据 ：insert into 表名 value （ 字段 1 对应的值 1 ，以此类推 ）

值元素的数量要与字段数量保持一致

字段的顺序要与值的顺序对应

字符串数据需要用引号包裹，单引号双引号都可以

~~~sql
-- 插入一条数据

insert into my_table ('01', 20, 'Tom');
~~~

## 新增指定字段数据

对表中指定的一条空白记录处新增字段数据 ：insert into 表名 （ 字段 1，字段 2 ） value （ 值 1 ，值 2 ）

值元素的数量要与指定的字段数量保持一致

值元素的顺序要与指定的字段顺序对应（ 字段顺序可以不与表字段顺序一致 ）

没有被选中的其他字段不能因为没有数据出错

~~~sql
-- 向指定字段插入一条数据

insert into my_table (name, age) value('Tom', 20);
~~~

## 新增多条数据

可以向完整的或指定的字段处新增多条字段数据 ：insert into 表名 [（ 字段 1，字段 2 ）] value （ 值 1 ，值 2 ）,（ 值 1 ，值 2 ）,（ 值 1 ，值 2 ）;

~~~sql
-- 插入多条数据

insert into my_table ('01', 20, 'Tom'), 
('01', 20 'peter'),
('01', 20 'jake');
~~~

# 查询数据

查询数据，就是通过查询 SQL 指令从指定的数据表中将数据获取出来，以一种二维表的形式展示给用户

查询数据时增删改查中最为频繁的一种

## 查询所有数据

查询所有数据 ：select * from 表名; （ * 代表通配符，表示匹配所有字段信息 ）

~~~sql
-- 查询所有数据

select * from my_table;
~~~

## 查询指定字段数据

查询指定字段数据 ：select 字段名1, 字段名2 from 表名;

要查看的字段可以根据自己的需求选择数量以及顺序

~~~sql
-- 查询指定字段数据

select school_number, age from my_table; -- 查询 school_number 以及 age 中的数据
~~~

## 匹配数据查询

匹配数据查询 ：select 字段列表 / * from 表名 where 条件表达式;

~~~sql
-- 匹配查询数据

select * from my_table where age > 20; -- 查询所有年龄大于 20 的数据
~~~

# 更新数据

更新数据就是根据某些条件（ 可以没有条件 ）对指定字段进行更新操作

## 更新所有数据的某个字段信息

更新所有数据的某个字段信息 ：update 表名 set 字段名 = 新值;

这个操作会更新所有数据

在实际操作中尽量避免此类更新，这样的更新会让某些数据变得完全一样，从而失去实际价值，应该根据具体的要求去更新对应的记录

~~~sql
-- 更新所有数据的某个字段信息

update my_table set age = 30; -- 将所有数据的年龄更新为 30;
~~~

## 更新部分记录

更新部分记录的字段信息 ：update 表名 set 字段 = 新值 where 条件表达式;

~~~sql
-- 更新部分记录的字段信息

update my_table set age = 30 where name = 'Tom'; -- 更新名字叫 Tom 的 age
~~~

## 同时修改多个字段

同时修改多个字段数据 ：update 表名 set 字段1 = 新值1, 字段2 = 新值2 [where 条件表达式];

~~~sql
-- 同时修改多个字段

update my_table set name = 'jack', age = 30 where school_number = '001'; -- 更新 school_number 为 001 的 name 和 age
~~~

# 删除数据

删除数据即将对应的数据所占的行（ 多个列 ）清空还原到空白状态

该项操作是最需要注意的，因为数据一旦删除无法找回，所以在删除数据时一定要小心谨慎，及时做好安全备份

## 删除全部数据

删除全部数据 ：delete from 表名;

删除数据通常都是逐个操作，真实业务不会出现全部删除

~~~sql
-- 删除全部数据

delete from my_table;
~~~

## 删除部分条件匹配的数据

删除部分条件匹配的数据 ：delete from 表名 where 条件表达式;

~~~sql
-- 删除部分条件匹配的数据

delete from my_table where school_number = '05'; -- 删除学号 05 的数据
~~~